Date,Headline,Content
03/29/2024,Jerome Powell Says Fed Doesn't 'Need To Be In A Hurry To Cut' Interest Rates: Odds Of June Reduction Jump In Prediction Market,"The monthly personal consumption expenditures (PCE) report Friday showed inflation rising in the month of February, which could impact the timing of future interest rate cuts by the Federal Reserve."
03/28/2024,Fed's Waller Sends Shiver Down Investors' Spines: 'There Is No Rush To Cut' Interest Rates,"Waller opposes rate cuts and has a cautious approach to Fed interest rates. Uncertainty in inflation progress, data-driven policy."
03/28/2024,"Bitcoin Trades Above $70,000 Following GDP, Jobless Claims Data; GateToken Emerges As Top Gainer","Bitcoin (CRYPTO: BTC) moved higher, with the cryptocurrency prices trading above the key $70,000 level on Thursday.

Ethereum (CRYPTO: ETH), however, recorded losses, falling below the key $3,600 mark this morning."
03/28/2024,"US Economic Growth Upwardly Revised To 3.4% In Q4, Jobless Claims Slow: Thursday's Economic Digest (UPDATED)","US GDP growth in Q4 2023 revised to 3.4%, showing a deceleration compared to Q3 2023. Weekly jobless claims lower than expected. Dollar up on hawkish Fed remarks."
03/28/2024,US GDP (QoQ) (Q4) +3.4% vs +3.2% Est.,
03/28/2024,Germany Unemployment Rate For March Unchanged At 5.9%,
03/28/2024,Germany Retail Sales (MoM) For February -1.9% Vs. 0.4% Est.; -0.4% Prior,
03/28/2024,U.K. Gross Domestic Product (YoY) For Q4 -0.2% Vs. -0.2% Est.; 0.3% Prior,
03/28/2024,"U.K. Gross Domestic Product (QoQ) For Q4 -0.3% Vs. -0.3% Est.; -0.,1% Prior",
03/28/2024,"Reported Earlier, Australia Retail Sales (MoM) Preliminary For February 0.3% Vs. 0.4% Est.; 1.1% Prior",
03/27/2024,"Moody's Says Strong Federal Support, Transportation & Warehousing's Small Share Of Maryland GDP Should Limit Credit-Negative Effects From Baltimore Incident; Says Until Baltimore Port Remains Closed, Re-Routing Of Automotive, Other Shipments To Other East Coast Spots Will Erode Port's Competitive Advantage",
03/26/2024,"EXCLUSIVE: Interest Rates Rode The Elevator Up, But Analyst Predicts They'll Take 'The Stairs Coming Down'","Interest rates are being closely watched, with Greg McBride expecting a slow descent. Savers should shop around for high returns, and home prices may continue to rise, impacting real estate stock investors."
03/26/2024,Bank of Japan Core Consumer Price Index (YoY) 2.3% Vs. 2.5% Est.; 2.6% Prior,
03/22/2024,"Consumers In Great Shape Despite, Or Because Of, Higher Interest Rates: 'Those With Cash Are Rewarded'","&#34;Those who have cash are being rewarded like no time over the past few decades,&#34; Ryan Detrick, chief market strategist at Carson Group, says."
03/22/2024,"Amazon To Continue Winning Streak, Analyst Predicts Revenue Surge Amid Booming AWS and Retail Sales","Truist analyst reiterates Buy rating on Amazon with a $195 price target. US revenue tracking ahead of consensus, expected to gain share and sustain above-market growth."
03/22/2024,Elon Musk Reacts To Cathie Wood's Bold GDP Growth Prediction Due To Disruptive Innovation: 'Wow',"Wood, through her firm ARK Invest, predicts a significant boost in real GDP growth rates over the next two decades. "
03/22/2024,U.K. Retail Sales (MoM) For February 0.0% Vs. -0.4% Est.; 3.6% (Revised) Prior,
03/22/2024,U.K. Retail Sales (YoY) For February -0.4% Vs. -0.9% Est.; 0.5% (Revised) Prior,
03/22/2024,U.K. Core Retail Sales (MoM) For February 0.2% Vs. -0.1% Est.; 3.4% (Revised) Prior,
03/22/2024,U.K. Core Retail Sales (YoY) For February -0.5% Vs. -0.9% Est.; 0.5% (Revised) Prior,
03/22/2024,"Reported Earlier, Japan National Consumer Price Index (MoM) 0.0% Vs/ 0.0% Prior",
03/22/2024,"Reported Earlier, Japan National Core Consumer Price Index (YoY) For February 2.8% Vs. 2.8% Est.; 2.0% Prior",
03/21/2024,"Fed's Dovish Stance Ignites Market Rally: 'Everybody Is Bullish,' Veteran Wall Street Investor Says","The Fed&#39;s dovish stance and market sentiment have propelled the S&amp;P 500 to new highs, with a projection of 3 rate cuts and GDP growth of 2.1%."
03/21/2024,'Top U.S. Asset Manager Vanguard Doesn't Believe The Fed Will Cut Interest Rates This Year' - CNBC,
03/21/2024,"Reported Earlier, Australia Unemployment Rate For February 3.7% Vs. 4.0% Est.; 4.1% Prior",
03/20/2024,Fed's Powell Says Would Characterize Reserves As Abundant; Aiming For Ample; There Isn't A Dollar Of % Of GDP Amount That We Have In Mind; We Will Look At Indicators To Tell Us When We Are Close; We Want To Have A Buffer On Reserves; We Don't Want To Find Ourselves In The 2019 Situation Again; We Are Looking At Incoming Inflation Data Most Importantly; That's Where We Are Looking For More Confidence,
03/20/2024,Fed's Powell Says GDP Has Been Bolstered By Strong Consumer Demand As Well As Healing Supply Chains; Says High Interest Rates Have Weighed On Business Fixed Income Investment,
03/20/2024,"Fed Holds Interest Rates Steady: Dot Plot Signals 3 Rate Cuts In 2024, Fewer Reductions In 2025, 2026","The Fed kept rates unchanged at 5.25-5.5% in March, with plans for 3 cuts in 2024, reaching a midpoint of 4.6%. GDP and inflation projections were revised upwards, while unemployment remained steady."
03/20/2024,"Fed Says Economic Activity Expanding At 'Solid Pace,' Job Gains Have Remained Strong, Unemployment Rate Low",
03/20/2024,5 Things To Know In Investing This Week - The Stagflation And Doom Issue,"This wasn’t a good week for the “pivot” people and asset gatherers who have been begging the Federal Reserve for lower rates. We got a higher-than-expected CPI and PPI. Making things worse, the short-term monthly numbers have started to accelerate meaning the disinflation story might be dead for now."
03/20/2024,'SiriusPoint And NIP Group Announce New Nationwide Excess & Surplus Lines Insurance Platform' - Sirius Point,
03/20/2024,"Housing Starts Rebound, Lift Homebuilder Stocks: Sign Of Economic Resilience","New housing projects in Feb exceeded expectations, reversing Jan&#39;s downward trend due to winter storms."
03/20/2024,AAR Inks Multi-Year Agreement To Supply Surplus Material For CFM56-5B Engine To Cebu Pacific; No Financial Terms Disclosed,
03/20/2024,U.K. Consumer Prices Index Including Owner Occupiers' Housing Costs (CPIH) (YoY) 3.8% Vs. 4.2% Prior,
03/20/2024,Germany Producer Price Index (MoM) For February -0.4% Vs. -0.1% Est.; 0.2% Prior,
03/20/2024,U.K. Producer Price Index (PPI) Input (MoM) For February -0.4% Vs. 0.2% Est.; -0.1% (Revised) Prior,
03/20/2024,U.K. Consumer Price Index (YoY) For February 3.4% Vs. 3.5% Est.; 4.0% Prior,
03/20/2024,U.K. Consumer Price Index (MoM) For February 0.6% Vs. 0.7% Est.; -0.6% Prior,
03/19/2024,Nasdaq Down 100 Points; US Housing Starts Surge In February,"U.S. stocks traded mixed this morning, with the Nasdaq Composite falling around 100 points on Tuesday.

Following the market opening Tuesday, the Dow traded up 0.11% to 38,831.86 while the NASDAQ fell 0.63% to 16,001.30. The S&amp;P 500 also fell, dropping, 0.28% to 5,135.12."
03/19/2024,USA Housing Starts (MoM) For February 10.7% Vs -12.3% Prior (Revised),
03/19/2024,Housing Starts (Feb) 1.521M vs 1.43M Est.,
03/19/2024,Japan Industrial Production (MoM) For January -6.7% Vs. -7.5% Est.; 1.4% Prior,
03/19/2024,"Bank Of Japan Raises Interest Rates, Abandoning 17-Year Negative Interest Rate Stint — Nikkei Reacts By Dropping Over 200 Points","The BOJ announced on Tuesday that it would raise its short-term interest rates to approximately 0% to 0.1% from -0.1%, marking the first rate hike since 2007."
03/18/2024,Eurozone Consumer Price Index (MoM) For February 0.6% Vs. 0.6% Est.; -0.4% Prior,
03/18/2024,Eurozone Consumer Price Index (YoY) For February 2.6% Vs. 2.6% Est.; 2.8% Prior,
03/18/2024,Eurozone Core Consumer Price Index (YoY) For February 3.1% Vs. 3.1% Est.; 3.3% Prior,
03/18/2024,"Reported Earlier, Chinese Unemployment Rate For January 5.3% Vs. 5.1% Est.; 5.1% Prior",
03/18/2024,"Reported Earlier, China Industrial Production Year to Date (YTD) (YoY) For February 7.0% Vs. 4.6% Prior",
03/18/2024,"Reported Earlier, China Industrial Production (YoY) For February 7.0% Vs. 5.3% Est.; 6.8% Prior",
03/15/2024,USA Industrial Production (YoY) -0.20% Vs 0.03% Prior,
03/15/2024,Industrial Production (MoM) (Feb) +0.1% vs 0.0% Est.,
03/15/2024,"CPI Card Group Announces Additional Stock Purchase Agreement With Majority Shareholder Parallel49 Equity Ulc, Agreement For Second Quarter Follows Expected Completion Of Initial Agreement On March 31, 2024",
03/15/2024,Investor Optimism Decreases Following PPI Data; Dow Falls Over 100 Points,"The CNN Money Fear and Greed index showed a decline in the overall market sentiment, while the index remained in the &#34;Greed&#34; zone on Thursday.

U.S. stocks closed lower on Thursday following the release of February PPI data. The Producer Price Index for final demand in the U.S. increased by 0.6% month over month, higher than market expectations of a 0.3% rise."
03/15/2024,France Consumer Price Index (MoM) For February 0.8% Vs. 0.8% Est.; -0.3% Prior,
03/14/2024,"Benzinga Closing Bell Update: Indexes Fall After Larger-Than-Expected PPI Increase, Dollar Rises, Crypto And Semis Pull Back",
03/14/2024,"Hotter Producer Inflation And Declining Retail Sales – Momo Crowd In La La Land, Oil Deficit Prediction","To gain an edge, this is what you need to know today.

"
03/14/2024,"Retail Sales Climb In February As Consumer Activity Picks Up, But Miss Expectations: 'The Economy Is Slowing' (UPDATED)",Strong labor market and resilient wage growth helps consumer spending.
03/14/2024,US Stocks Higher; Producer Prices Rise 0.6% In February,"U.S. stocks traded higher this morning, following the release of PPI data.

Following the market opening Thursday, the Dow traded up 0.11% to 39,084.58 while the NASDAQ rose 0.30% to 16,226.13. The S&amp;P 500 also rose, gaining, 0.14% to 5,172.33."
03/14/2024,"Ethereum Falls Below $4,000 Following PPI Data; Bittensor, ApeCoin Among Top Losers","Bitcoin (CRYPTO: BTC) moved lower, with the cryptocurrency prices falling below the key $73,000 level on Thursday.

Ethereum (CRYPTO: ETH) also recorded losses, trading below the key $4,000 mark this morning."
03/14/2024,Core Retail Sales (MoM) (Feb) +0.3% vs +0.5% Est.,
03/14/2024,Core PPI (YoY) (Feb) +2% vs +1.9% Est.,
03/14/2024,Core PPI (MoM) (Feb) +0.3% vs +0.2% Est.,
03/14/2024,"Retail Sales MoM For Feb. 0.6% Vs 0.8% Expected, -0.8% Prior",
03/14/2024,USA PPI (MoM) For February 0.6% Vs 0.3% Est.; 0.3% Prior,
03/13/2024,"Will Thursday's Crucial Inflation Report Give Markets Clarity? Expectations For Fed Rate Cuts, Producer Prices Among Items To Look At","Producer Price Index (PPI) report for February releases on Thursday, following higher than expected inflation in January. Market expects 0.3% monthly surge in PPI index for February."
03/13/2024,"Bitcoin, Ethereum, Dogecoin Drop Amid Hotter-Than-Expected CPI Data: Analyst Says The Next Key Level For King Crypto Is $83K; Biden's Approval Ratings Rise Amid Shift - Top Headlines Today While US Was Sleeping", 
03/13/2024,Eurozone Industrial Production (MoM) For January -3.2% Vs. -1.8% Est.; 1.6% (Revised) Prior,
03/13/2024,Gold Bull Peter Schiff Thinks We Should Brace For Double-Digit Inflation Rate Because Fed's Powell 'Can't Walk The Talk',"According to Schiff, the February inflation number confirms that the disinflation trend ended months ago."
03/13/2024,U.K. Monthly Gross Domestic Product (GDP) 3M/3M Change(MoM) For January -0.1% Vs. -0.1% Est.; -0.3% Prior,
03/13/2024,U.K. Industrial Production (MoM) For January -0.2% Vs. 0.0% Est.; 0.6% Prior,
03/13/2024,U.K. Gross Domestic Product (MoM) For January 0.2% Vs. 0.2% Est.; -0.1% Prior,
03/13/2024,"Bitcoin, Ethereum, Dogecoin Drop Amid Hotter-Than-Expected CPI Data: Analyst Says The Next Key Level For King Crypto Is $83K",Major cryptocurrencies took a slight breather on Tuesday evening amidst a sudden surge of volatility in the cryptocurrency market.
03/12/2024,February CPI Is 3.2%,"Overview

"
03/12/2024,"Stocks Hold Gains As Traders Opt To Challenge Fed On Hot Inflation Data; Bonds, Gold Fall: 10 ETFs Moving Tuesday","Inflation report for February 2024 shows higher-than-expected figures, but investors remain unfazed. CPI and core CPI both exceed expectations."
03/12/2024,Dow Gains 100 Points; US Inflation Rate Rises To 3.2% In February,"U.S. stocks traded higher this morning, with the Nasdaq Composite gaining around 100 points on Tuesday.

Following the market opening Tuesday, the Dow traded up 0.27% to 38,873.55 while the NASDAQ rose 0.69% to 16,129.18. The S&amp;P 500 also rose, gaining, 0.52% to 5,144.57."
03/12/2024,"Benzinga Opening Bell Update: Feb. CPI Figures Come In Slightly Above Expectations, Oracle Surges Amid Strong Gen2 AI Infrastructure Outlook, Southwest Falls After Raising Fuel Cost Outlook",
03/12/2024,"Inflation Rises More Than Expected To 3.2% In February, Rebuffs Expectations Of June Fed Rate Cut","U.S. CPI exceeds expectations, casting doubt on Fed rate cuts. Inflation rate rose to 3.2% in Feb 2024, causing market reactions and dollar surge."
03/12/2024,USA Core CPI (YoY) For February 3.8% Vs 3.7% Est.; 3.9% Prior,
03/12/2024,"CPI YoY For Feb. 3.2% Vs 3.1% Expected, 3.1% Prior",
03/12/2024,Core CPI (MoM) (Feb) +0.4% vs +0.3% Est.,
03/12/2024,USA CPI (MoM) For February 0.4% Vs 0.4% Est.; 0.3% Prior,
03/12/2024,Germany Consumer Price Index (MoM) For February 0.4% Vs. 0.4% Est.; 0.2% Prior,
03/12/2024,Germany Consumer Price Index (YoY) For February 2.5% Vs. 2.5% Est.; 2.9% Prior,
03/12/2024,U.K. Unemployment Rate For January 3.9% Vs. 3.8% Est.; 3.8% Prior,
03/11/2024,"Benzinga Closing Bell Update: Semis Pull Back, Japan Stocks Fall After Q4 GDP Revision, Yen Rises",
03/11/2024,"White House Estimates 2025 Unemployment Rate At 4.0% Vs February Rate Of 3.9%; Estimates 3.8% For 2028-2034 Period; White House Says GDP, Unemployment Forecasts Include 'Pro-Growth' Effects Of Child-Care And Other Biden Proposals To Boost Labor Force Participation",
03/11/2024,"White House Estimates Receipts At 18.7% Of GDP In FY25 Vs 16.5% In FY23, Growing To 20.3% In FY34; Estimates Debt Held By Public At 102.2% Of GDP In FY25 Vs 97.3% In FY23, Growing To 105.6% In FY34; Estimates Real Interest Rates At 1.2% In FY25, 1.3% Average Over FY 2025-2034 Period; Estimates U.S. Real GDP Growth At 1.8% In Calendar 2025, 2.0% In 2028, 2.2% In 2034, Based On Forecasts Locked In November",
03/11/2024,"White House Budget Proposal Estimates FY25 Deficit Of $1.781T Vs $1.859T YoY, $1.694T In FY23; Estimates Cumulative FY25-2034 Deficit Of $16.297T Vs Latest CBO Baseline Deficit Forecast Of $20.016T; Estimates Deficit At 6.1% Of GDP In FY25 Vs 6.6% In FY24; Averages 4.6% Over FY25-2034 Decade",
03/11/2024,February Inflation Will Guide Fed's Policy Course: Return To 2% Target Faces Challenges,"Upcoming release of US CPI for Feb marks final crucial piece of inflation data before Fed meeting, with markets anticipating rate cuts and potential surprises in analysts&#39; forecasts."
03/11/2024,What's Going On With AMD Stock?,"Advanced Micro Devices shares are trading lower by 3.7% during Monday&#39;s session. Traders and investors are watching for the February CPI report on Tuesday, arguably the most critical economic data point of the week."
03/11/2024,"Benzinga Opening Bell Update: US Indexes Fall, Yen Gains Following Q4 Japan GDP Revision, Bitcoin Reaches Record High",
03/11/2024,"Wall Street Braces For Lower Open As Inflation Data Looms, Bitcoin Breaks New Barrier: Why This Analyst Thinks Magnificent 7 Rally Has More Legs","U.S. stocks appear headed for a modestly lower open at the start of the week, with index futures pointing downward. Investors are likely focusing on key economic data releases, particularly the February Consumer Price Index (CPI) report due Tuesday."
03/11/2024,"The Biden Dilemma: Voters Favor Trump's Hand On The Economy Even After GDP Grows, New Poll Reveals","Despite economic improvements, voters&#39; approval rating for Biden&#39;s handling of the economy remained stagnant at 36%, unchanged from November."
03/11/2024,"US Faces Surprise Recession Risk As Unemployment Rate Jumps Unexpectedly, Top Economist David Rosenberg Warns","The U.S. economy might be on the brink of an unforeseen recession, according to a prominent economist, who has raised concerns about the recent spike in the unemployment rate."
03/08/2024,"B. Riley Securities Maintains Buy on CPI Card, Lowers Price Target to $23",
03/08/2024,USA Unemployment Rate For February 3.9% Vs 3.7% Est.; 3.7% Prior,
03/08/2024,Eurozone Gross Domestic Product (YoY) For Q4 0.1% Vs. 0.1% Est.; 0.0% Prior,
03/08/2024,Eurozone Gross Domestic Product (QoQ) For Q4 0.0% Vs. 0.0% Est.; -0.1% Prior,
03/08/2024,Germany Producer Price Index (MoM) For January 0.2% Vs. 0.1% Est.; -1.2% Prior,
03/08/2024,Germany Industrial Production (MoM) For January 1.0% Vs. 0.5% Est.; -2.0% (Revised) Prior,
03/07/2024,"European Central Bank Lowers Inflation Outlook But Holds Interest Rates: 2 Stocks, 2 ETFs To Watch",European Central Bank follow Federal Reserve with a cautious approach to policy easing.
03/07/2024,"CPI Card Q4 EPS $0.23 Misses $0.32 Estimate, Sales $102.87M Miss $104.70M Estimate",
03/07/2024,"China's Export Ambitions Could Land Us In 'Global Trade War' Territory, Warns Economist","China is responding to its economic challenges by injecting more credit into the manufacturing sector, aiming to reduce its reliance on the real estate industry, which currently accounts for a quarter of its GDP. "
03/06/2024,"Fed's Daly Says Rising Housing Costs Have Been A Key Driver Of Higher Inflation; Higher Interest Rates Do Raise Housing Costs Temporarily, But Are Needed To Bring Down Inflation; We Are Committed To Finishing The Job On Price Stability; Fed Is 'Focused,' 'Resolute' On Getting Inflation Down",
03/06/2024,Earnings Preview: CPI Card, 
03/06/2024,"Fed Chair Powell Says We Need To Keep Eye On The Ball On Commercial Real Estate; If Economy Evolves Are We Hope, Interest Rates Will Need To Come Down Significantly Over The Coming Years",
03/06/2024,"Reported Earlier, Australia Retail Sales (MoM) 1.1% Vs. 1.1% Est.; -2.1% Prior",
03/06/2024,"Reported Earlier, Australia Gross Domestic Product (QoQ) For Q4 0.2% Vs. 0.2% Est.; 0.3% (Revised) Prior",
03/06/2024,"Reported Earlier, Australia Gross Domestic Product (YoY) For Q4 1.5% Vs. 1.4% Est.; 2.1% Prior",
03/05/2024,"Nordstrom Sees FY24 EPS $1.65-$2.05 Vs $2.05 Est.; Revenue Range, Including Retail Sales And Credit Card Revenues, Of 2% Decline To 1% Growth Versus The 53-Week Fiscal 2023",
03/05/2024,"Reported Earlier, U.K. BRC Retail Sales Monitor (YoY) For February 1.0% Vs. 1.6% Est.; 1.4% Prior",
03/05/2024,"Reported Earlier, Japan Tokyo Core Consumer Price Index (YoY) For February 2.5% Vs. 2.5% Est.; 1.8% (Revised) Prior",
02/16/2024,How The Consumer Price Index Relates To Inflation And Why The Fed Might Not Cut Rates Any Time Soon,"Are you wondering how the Consumer Price Index (CPI) relates to inflation and what it means for the Federal Reserve&#39;s decision to cut interest rates? Look no further. In this article, we will delve into the intricate relationship between CPI and inflation, and why the Fed might not be rushing to lower rates anytime soon."
03/01/2024,"Celsius Holdings To Gain From Favorable Cost Trends, High Retail Sales Velocity: Analyst","Analyst projects strong growth prospects for Celsius Holdings, citing favorable cost trends and high retail sales velocity."
03/01/2024,Eurozone Unemployment Rate For January 6.4% Vs. 6.4% Est.; 6.5% (Revised) Prior,
03/01/2024,Eurozone Consumer Price Index (YoY) Preliminary 2.6% Vs. 2.5% Est.; 2.8% Prior,
03/01/2024,Eurozone Consumer Price Index (MoM) Preliminary 0.6% Vs. -0.4% Prior,
03/01/2024,Eurozone Core Consumer Price Index (YoY) Preliminary 3.1% Vs. 2.9% Est.; 3.3% Prior,
02/29/2024,'Kodak Explores Tapping Pension Fund's $1.2B Surplus; So-called Pension Reversion Tactic Could Free Up Funds; Company Is Disbanding A Team That Oversaw The Pension Fund' - Bloomberg,
02/29/2024,"Wall Street Takes A Breather As Inflation Stays Tamed, AMD Hits Record Highs, Apple Struggles: What's Driving Markets Thursday?","Wall Street exhaled a sigh of relief as the Federal Reserve’s favored gauge of inflation cooled as anticipated in January, quelling fears that an unexpected rise in the Consumer Price Index (CPI) might spill over into the Personal Consumption Expenditure "
02/29/2024,Germany Consumer Price Index (MoM) Preliminary For February 0.4% Vs. 0.5% Est.; 0.2% Prior,
02/29/2024,Germany Consumer Price Index (YoY) Preliminary For February 2.5% Vs. 2.6% Est.; 2.9% Prior,
02/29/2024,Consumer Watchdogs Target Meta's 'Pay Or Give Up Privacy' Tactic In EU: 'Smokescreen To Obscure Illegal Data Processing',The consumer groups claim that Meta&#39;s data collection methods infringe upon the General Data Protection Regulation (GDPR) principles.
02/29/2024,India Gross Domestic Product Quarterly (YoY) For Q3 8.4% Vs. 6.6% Est.; 7.6% Prior,
02/29/2024,Germany Unemployment Rate For February 5.9% Vs. 5.8% Est.; 5.8% Prior,
02/29/2024,France Gross Domestic Product (YoY) 0.7% Vs. 0.7% Est.; 0.6% Prior,
02/29/2024,France Gross Domestic Product (QoQ) For Q4 0.1% Vs. 0.0% Est.; -0.1% Prior,
02/29/2024,France Consumer Price Index (MoM) Preliminary For February 0.8% Vs. 0.7% Est.; -0.3% Prior,
02/29/2024,Germany Retail Sales (MoM) For January -0.4% Vs. 0.5% Est.; -1.6% Prior,
02/29/2024,"Reported Earlier, Australia Retail Sales (MoM) Preliminary For January 1.1% Vs. 1.6% Est.; -2.1% (Revised) Prior",
02/29/2024,"Reported Earlier, Japan Industrial Production (MoM) Preliminary For January -7.5% Vs. -6.7% Est.; 1.4% Prior",
02/29/2024,Bank of Japan Core Consumer Price Index (YoY) 2.6% Vs. 2.3% Est.; 2.6% Prior,
02/28/2024,"Fed's Williams Says Economy, Job Market Strong, Imbalances Waning; Current 3.7% Unemployment Rate Around Long Term Level; Risks To Fed Job, Inflation Mandates Moving Into Better Balance",
02/28/2024,"Opportunities For Investors Beyond AI And Nvidia – Biotech Breaks Out, New GDP Data Shows Inflation Pressure","To gain an edge, this is what you need to know today.

"
02/28/2024,"Bitcoin Surpasses $59,000 Following GDP Data; Pepe Emerges As Top Gainer","Bitcoin (CRYPTO: BTC) moved higher, with the cryptocurrency prices topping the key $59,000 level on Wednesday.

Ethereum (CRYPTO: ETH) also recorded gains, trading above the key $3,300 mark this morning."
02/28/2024,"US GDP Growth Downwardly Revised To 3.2% In Q4, Mortgage Demand Tumbles Further: Wednesday's Economic Digest","US economy&#39;s growth adjusted downward in Q4 2023, still healthy but slower than expected. Mortgage rates stable, applications decline for 3rd week."
02/28/2024,USA GDP Price Index (QoQ) For Q4 1.7% Vs 1.5% Est.; 3.3% Prior,
02/28/2024,USA GDP (QoQ) For Q4 3.2%	Vs 3.3% Est.; 4.9% Prior,
02/28/2024,"Nasdaq, S&P 500 Futures Decline As Traders Await GDP Data, Fed Speeches; Bitcoin Eyes $60K Milestone: Analysts Highlight Small-Cap Gains As Sign Of Robust Economy","Sentiments turn negative on Wednesday after the mixed performance in the previous session, as the focus shifts to some key Main Street data. Traders may prefer to move to the sidelines to see off some key economic catalysts due for the week. Earnings news for the day has been mixed, although some weak retail earnings could dent market mood."
02/27/2024,"Reported Earlier, Japan National Core Consumer Price Index (YoY) For January 2.0% Vs. 1.9% Est.; 2.3% Prior",
02/26/2024,"'It's Possible Here Too:' RFK Jr Lauds Argentina's Milei For Ushering In Budget Surplus, Says He Would 'Drain The Swamp' And Fire US Bureaucrats For Racking Up $34 Trillion Of Debt","Kennedy lauded the Javier Milei government for achieving the first budget surplus in over 12 years, after being in office for just nine weeks."
02/26/2024,Paul Krugman Takes A Dig At 'Unbiased' Blockchain-Based Inflation Dashboard: 'Their Numbers Keep Coming In Lower Than The CPI',"In a Sunday post on X, formerly Twitter, economist Paul Krugman called out blockchain-backed inflation tracking site Truflation for its consistently lower inflation numbers compared to the Bureau of Labor Statistics (BLS)."
02/23/2024,"Obesity Solutions Like Weight Loss Drugs To Act As Catalyst For Economic Surge, Goldman Sachs Forecasts","Goldman Sachs predicts a potential 1% GDP boost from GLP-1 agonists market. Novo Nordisk and Eli Lilly lead, with analysts foreseeing 10-70 million users by 2028. AI-powered drug discovery and healthcare innovation, anticipating a 1.3% GDP elevation, translating to $360 billion annually."
02/23/2024,"Roth MKM Initiates Coverage On CPI Card with Buy Rating, Announces Price Target of $40",
02/23/2024,Germany Gross Domestic Product (YoY) For Q4 -0.2% Vs. -0.2% Est.; -0.4% Prior,
02/23/2024,Germany Gross Domestic Product (QoQ) For Q4 -0.3% Vs. -0.3% Est.; -0.1% Prior,
02/22/2024,Fed's Harker Says 'Multiple Signs' Labor Market Coming Into Better Balance; U.S. GDP Continues To Be Strong; Supports Slowing Before Halting Balance Sheet Contraction; Financial Market Liquidity Remains Abundant,
02/22/2024,"Fed's Harker Says May Be Near Point Of Cutting Rates, Unsure When It Will Happen; 'Greatest' Risk Is That Fed Cuts Rates Too Early; Still Wants More Confidence Inflation Moving Back To 2%; Expects Bumpy Progress On Inflation; Recent CPI Data Shows Uneven Progress Of Lowering Inflation",
02/22/2024,"Fed's Jefferson Says Recent Rise In Productivity Suggests Supply Side Is Healing From The Pandemic; ""Perhaps"" Potential GDP Growth Has Risen",
02/22/2024,"Fed's Jefferson Says Likely To Be Appropriate To Begin Cutting Policy Rate Later This Year; January CPI Data 'Disappointing,' Shows Path Down Likely To Be Bumpy; Fed Staff Estimates Show PCE Price Index Rose 2.4% Over The 12 Months Ended In January",
02/22/2024,Eurozone Consumer Price Index (MoM) For January -0.4% Vs. Vs. -0.4% Est.; 0.2 Prior,
02/22/2024,Eurozone Consumer Price Index (YoY) For January 2.8% Vs. 2.8% Est.; 2.9% Prior,
02/22/2024,Eurozone Core Consumer Price Index (YoY) For January 3.3% Vs. 3.3% Est.; 3.4% Prior,
02/21/2024,"Walmart's Solid Quarter Proves Tesla 'Uberbulls' Wrong? Fund Manager Explains Why High-Interest Rates, Dissatisfied Customers Aren't Hurting EV Maker",He saw the strong performance of Walmart as a testament that the &#34;American consumer is alive and well.&#34;
02/20/2024,Government Debt Exceeds 120% Of GDP: Why Former IMF Economist 'Very Worried' About US Fiscal Crisis,Renowned economist Olivier Blanchard warns about potential US fiscal crisis due to ballooning deficits and lack of political action to address them.
02/20/2024,"Gold ETFs Suffer Outflows, Await Clues Concerning US Interest Rates","Gold ETFs have edged lower so far this year after gaining around 13% in 2024, based on the performance of the SPDR Gold Shares ETF."
02/20/2024,Investor Sentiment Falls Following PPI Data; US Stocks Snap 5-Week Win Streak,"The CNN Money Fear and Greed index showed a decline in the overall market sentiment, while the index remained in the &#34;Extreme Greed&#34; zone on Friday.

U.S. stocks closed lower on Friday, with the Dow Jones index falling more than 100 points during the session."
02/18/2024,"Former Home Depot CEO Predicts 'Tremendous Shift' In Labor Market, US Inflation Rate Puts Fed Rate Cut Bets In Jeopardy And More: Top Economics News This Week", 
02/16/2024,"Tech Stocks Ease On Hot PPI, Yields Rise, Microsoft, Amazon Snap 5-Week Positive Streak: What's Driving Markets Friday?","Wall Street takes pause after stronger-than-expected producer inflation report, potentially delaying Fed rate cuts and impacting major indices and stocks."
02/16/2024,Slump In Housing Starts: 'Extremely Noisy' Numbers Indicate Demand For New Homes Dipping,"The number of homebuilding projects started in January fell to the lowest level since August, with the Midwest seeing the biggest drop."
02/16/2024,"Hotter Producer Price Index, The Power Of 'Picks And Shovels' Play","To gain an edge, this is what you need to know today.

"
02/16/2024,"Ethereum Tops $2,800 Following PPI Data; Render Emerges As Top Gainer","Bitcoin (CRYPTO: BTC) moved higher, with the cryptocurrency prices trading above the key $52,000 level on Friday.

Ethereum (CRYPTO: ETH) also recorded gains, trading above the key $2,800 mark this morning."
02/16/2024,USA Housing Starts For January 1.331M Vs 1.450M Est.; 1.562M Prior,
02/16/2024,USA Core PPI (MoM) For January 0.5% Vs 0.1% Est.; -0.1% Prior,
02/16/2024,PPI (YoY) (Jan) +0.9% vs +0.6% Est.,
02/16/2024,USA Core PPI (YoY) For January 2.0% Vs 1.6% Est.; 1.8% Prior,
02/16/2024,PPI (MoM) (Jan) +0.3% vs +0.1% Est.,
02/16/2024,"Nasdaq, S&P 500 Futures Rise Ahead Of PPI Data: Analyst Flags Warning Signal That Could Pose Risk To Equity Market Rally","With a stock market holiday on Monday, trading volume may decrease, following the typical pre-holiday trend."
02/16/2024,France Consumer Price Index (MoM) For January -0.3% Vs. -0.2% Est.; 0.1% Prior,
02/16/2024,U.K. Retail Sales (MoM) For January 3.4% Vs. 1.5% Est.; -3.3% (Revised) Prior,
02/16/2024,U.K. Retail Sales (YoY) For January 0.7% Vs. -1.4% Est.; -2.4% Prior,
02/16/2024,U.K. Core Retail Sales (MoM) For January 3.2% Vs. 1.7% Est.; -3.5% (Revised) Prior,
02/16/2024,U.K. Core Retail Sales (YoY) For January 0.7% Vs. -1.6% Est.; -2.1% Prior,
02/15/2024,"S&P Reclaims 5,000 As Disappointing Retail Sales Put Fed Cuts Back On Track, Small Caps Shine: What's Driving Markets Thursday?","US stocks surge on strong earnings and speculation of Fed rate cuts. S&amp;P 500 rebounds past 5000, Nasdaq 100 pauses. Small caps outperform. Tesla, Wells Fargo, and CBRE rally on positive news while Deer &amp; Antero Resources shares drop. Other companies react to earnings."
02/15/2024,"Retail Sales Shocker, Stock Market Providing Opportunities Beyond Magnificent Seven And AI","To gain an edge, this is what you need to know today.

"
02/15/2024,"Deere Exec Says High Interest Rates Are ""Increasing Caution"" For Consumers In Western Europe",
02/15/2024,Treasury Yields Almost Fully Erase Post-Inflation Data Surge As Poor Retail Sales Reignite Fed Cut Hopes,"US Treasury note yields retract surge after the January inflation report, indicating a quick shift in investor sentiment."
02/15/2024,"Benzinga Opening Bell Update: Berkshire Hathaway 13F Released Late Wednesday, Initial Jobless Claims Come In Below Expectations, Retail Sales Drop In January, Twilio And Fastly Shares Fall On Earnings",
02/15/2024,Dow Gains 100 Points; Retail Sales Decline More than Expected In January,"U.S. stocks traded higher this morning on Thursday, following the release of economic reports.

Following the market opening Thursday, the Dow traded up 0.26% to 38,525.18 while the NASDAQ rose 0.01% to 15,860.35. The S&amp;P 500 also rose, gaining, 0.19% to 5,010.23."
02/15/2024,"Bitcoin Tops $52,000 Following Retail Sales, Jobless Claims Data; VeChain Emerges As Top Gainer","Bitcoin (CRYPTO: BTC) moved higher, with the cryptocurrency prices trading past the key $52,000 level on Thursday.

Ethereum (CRYPTO: ETH) also recorded gains, trading above the key $2,700 mark this morning."
02/15/2024,USA Industrial Production (MoM) For January -0.1% Vs 0.2% Est.; 0.1% Prior,
01/17/2024,"Annual Retail Sales Surge By 5.6% In December, Hit 10-Month High, Showcase Robust Consumer Demand","December 2023 saw U.S. retail sales surpass expectations, indicating robust consumer demand and influencing market trends, including a stronger U.S. dollar and shifts in Treasury yields."
02/15/2024,"Retail Sales Sink In January, Manufacturing Indicators Improve, Jobless Claims Fall: Thursday's Economic Digest","Retail sales slow in Jan. after strong Dec., while surveys show signs of recovery in manufacturing. Jobless claims also fell. Stock futures up."
02/15/2024,USA Retail Sales (MoM) For January -0.8% Vs -0.2% Est.; 0.4% Prior,
02/15/2024,Core Retail Sales (MoM) (Jan) -0.6% vs +0.2% Est.,
02/15/2024,"Bitcoin Market Cap Surpasses $1 Trillion After 2 Years — That's Bigger Than GDP Of Netherlands, Switzerland Or UAE","Bitcoin (CRYPTO: BTC) has made a comeback, soaring past the $52,000 mark in early morning trading sessions. "
02/15/2024,U.K. Monthly Gross Domestic Product 3M/3M Change For December -0.3% Vs. -0.1% Est.; -0.2% Prior,
02/15/2024,U.K. Industrial Production (MoM) For December 0.6% Vs. -0.1% Est.; 0.5% (Revised) Prior,
02/15/2024,U.K. Gross Domestic Product (MoM) For December -0.1% Vs. -0.2% Est.; 0.2% (Revised) Prior,
02/15/2024,U.K. Gross Domestic Product (QoQ) Preliminary For Q4 -0.3% Vs. -0.1% Est.; -0.1% Prior,
02/15/2024,U.K. Gross Domestic Product (YoY) Preliminary For Q4 -0.2% Vs. 0.1% Est.; 0.2% (Revised) Prior,
02/15/2024,"Reported Earlier, Japan Industrial Production (MoM) For December 1.4% Vs. 1.8% Est.; -0.9% Prior",
02/15/2024,"Reported Earlier, Australia Unemployment Rate For January 4.1% Vs. 4.0% Est.; 3.9% Prior",
02/15/2024,"Reported Earlier, Japan Gross Domestic Product (GDP) Price Index (YoY) Preliminary For Q4 3.8% Vs. 4.0% Est.; 5.3% Prior",
02/15/2024,"Reported Earlier, Japan Gross Domestic Product (QoQ) Preliminary For Q4 -0.1% Vs. 0.2% Est.; -0.8% (Revised) Prior",
02/15/2024,"Reported Earlier, Japan Gross Domestic Product (YoY) Preliminary For Q4 -0.4% Vs. -3.3% (Revised) Prior",
02/14/2024,"Did January Inflation Numbers Spark Market Overreaction? 'It's Not That Big Of A Deal,' Says Former CME Group Chief Economist",Disappointing CPI data on Tuesday caused market tumble and VIX rise. Former CME chief economist expects Fed to wait until June/July to cut rates.
02/14/2024,"U.S. Treasury Secretary Yellen, Addressing Market Reaction To CPI Data, Says It's A Tremendous Mistake To Focus On Minor Fluctuations; Prices Of Gasoline, Eggs, Cars And Trucks Have Declined And Inflation Overall Is Coming Back Down To Normal Levels",
02/14/2024,"CNH CEO Expects High Interest Rates To Soften Construction End Markets In N. America & Europe, Partially Offset By U.S. Infrastructure Spending;  South America Construction Markets Are Projected To Be Flattish, Following A Marked Decline There In 2023;  Farmer Sentiment In Europe Is Down But Its Not A ""Crisis Situation""",
02/14/2024,"Fed's Goolsbee Earlier Said Rate Cuts Should Be Tied To Confidence In Being On A Path Toward Our Target Rate; I Expect Improvements In Housing Services Inflation To Resume; That Said, CPI Data Yesterday Was Puzzling, Is Something I Am Watching",
02/14/2024,Eurozone Gross Domestic Product (QoQ) 0.0% Vs. 0.0% Est.; -0.1% Prior,
02/14/2024,Eurozone Industrial Production (MoM) For December 2.6% Vs. -0.2% Est.; 0.4% (Revised) Prior,
02/14/2024,Eurozone Gross Domestic Product (YoY) For Q4 0.1% Vs. 0.1% Est.; 0.0% Prior,
02/14/2024,U.K. Producer Price Index (PPI) Input (MoM) For January -0.8% Vs. 0.1% Est.; -0.4% (Revised) Prior,
02/14/2024,U.K. Consumer Price Index (YoY) For January 4.0% Vs. 4.1% Est.; 4.0% Prior,
02/14/2024,U.K. Consumer Price Index (MoM) For January -0.6% Vs. -0.3% Est.; 0.4% Prior,
02/13/2024,"Sigma Lithium Secures Funds For Brazilian Flagship, Praises  'Significantly Lower' Interest Rates","The lithium market has faced a recent downturn, with prices dropping to $13,200 per ton, the lowest since 2020."
02/13/2024,January CPI Is 3.1%,Overview:
02/13/2024,USA Cleveland CPI (MoM) For January 0.5% Vs 0.3% Prior,
02/13/2024,"BTC, Gold Retreat As US Stocks Plummet After Hot CPI","
	
	Bitcoin (CRYPTO: BTC) fell more than 2% on Tuesday as US stocks dipped following hotter-than-expected inflation data. BTC price traded to lows of $48,500 as it pared gains recorded when it raced to above $50,000 on Monday."
02/13/2024,"US Inflation Rate Runs Hot In January, Puts Fed Rate Cut Bets In Jeopardy","In January 2024, the annual inflation rate fell to 3.1% but missed the expected decline to 2.9%. The dollar rose and U.S. futures dropped."
02/13/2024,US CPI (MoM) (Jan) +0.3% vs +0.2% Est.,
02/13/2024,USA Core CPI (YoY) For January 3.9% Vs 3.7% Est.; 3.9% Prior,
02/13/2024,USA CPI (YoY) For January 3.1% Vs 2.9% Est.; 3.4% Prior,
02/13/2024,USA Core CPI (MoM) For January 0.4% Vs 0.3% Est.; 0.3% Prior,
02/13/2024,"Nasdaq, S&P 500 Set For Weaker Open As Traders Keep Eyes Peeled On Inflation Data: Analyst Flags Key CPI Report Item To Watch","Despite the Fed rhetoric about the inflation fight being still on, the central bank will likely cut rates this year, an analyst said."
02/13/2024,U.K. Unemployment Rate For December 3.8% Vs. 4.0% Est.; 4.2% Prior,
02/12/2024,"An Opportunity In Small Caps Or A Danger Sign, All Important CPI Ahead","To gain an edge, this is what you need to know today.

"
02/12/2024,India Consumer Price Index (YoY) For January 5.10% Vs. 5.09% Est.; 5.69% Prior,
02/09/2024,"Revised CPI Data Brings Buyers Into Stock Market, Hopes Of Whales Driving Bitcoin To $50K Over The Weekend","To gain an edge, this is what you need to know today.

"
02/09/2024,Inflation Data Revisions Hold Steady In Q4: No News Is Good News?,"December CPI adjusted to 3.3%, with minor revisions; Jan. CPI expected to decrease to 3%. Fed likely to maintain rates in March, with possible cuts in 2024."
02/09/2024,Germany Consumer Price Index (YoY) For January 2.9% Vs. 2.9% Est.; 3.7% Prior,
02/09/2024,Germany Consumer Price Index (MoM) For January 0.2% Vs. 0.2% Est.; 0.1% Prior,
02/08/2024,U.S. Treasury's Yellen Says Believes U.S. Needs To Reduce Deficits To Stay On A Fiscally Sustainable Path; Most Forecasters And CBO Suggest That Interest Rates Are Expected To Decline Somewhat,
02/08/2024,"Reported Earlier, China Producer Price Index (YoY) For January -2.5% Vs. -2.6% Est.; -2.7% Prior",
02/08/2024,"Reported Earlier, China Consumer Price Index (YoY) For January -0.8% Vs. -0.5% Est.; -0.3% Prior",
02/08/2024,"Reported Earlier, China Consumer Price Index (MoM) For January 0.3% Vs. 0.4% Est.; 0.1% Prior",
02/07/2024,Fed's Collins Says Possible Future Interest Rates Might Be Higher Than Pre-pandemic Levels,
02/07/2024,Fed's Kugler Says Much Uncertainty Around The Neutral Rate Of Interest; Path Of Policy Interest Rate Will Depend On Performance Of Inflation; Aware That Unemployment Rate Can Move Fast When It Starts To Change,
02/07/2024,Hilton CEO Says Interest Rates And More Stress In The Environment Present More Opportunities For M&A,
02/07/2024,Germany Industrial Production (MoM) For December -1.6% Vs. -0.4% Est.; -0.2% (Revised) Prior,
02/06/2024,"Fed's Kashkari Says We Do Not Think About Politics, Or The Election, When We Set Interest Rates",
02/06/2024,"Reported Earlier, Australia Retail Sales (MoM) For December -2.7% Vs. 0.1% Est.; 1.6% Prior",
02/06/2024,"Reported Earlier, U.K. BRC Retail Sales Monitor (YoY) For January 1.4% Vs. 1.2% Est.; 1.9% Prior",
02/05/2024,Powell Reacts To Political Pressure On Interest Rates – Momo Gurus Wrong Again,"To gain an edge, this is what you need to know today.

"
02/05/2024,UBS Expects U.S. Federal Reserve To Cut Interest Rates At May Vs Prior Estimate Of March,
02/03/2024,Larry Summers On Economic Resilience Amid Fed Tightening: 'Interest Rates Well Above 3% Through The Rest Of This Decade',"In a recent interview on Bloomberg Television’s &#34;Wall Street Week&#34; with David Westin, Lawrence Summers, the former U.S. treasury secretary, shared his insights on the current economic climate."
02/02/2024,USA Unemployment Rate For January 3.7% Vs 3.8% Est.; 3.7% Prior,
02/02/2024,"Reported Earlier, Australia Producer Price Index (YoY) 4.1% Vs. 3.8% Prior",
02/02/2024,"Reported Earlier, Australia Producer Price Index (QoQ) 0.9% Vs. 1.9% Est.; 1.8% Prior",
02/01/2024,"Bitcoin, Ethereum, Dogecoin Tumble After Fed Leaves Rates Unchanged; Economist David Rosenberg Says Recession Hiding In UPS Earnings: 'Tough To Buy Into That Q4 Government-Massaged GDP Data - Top Headlines Today While US Was Sleeping", 
02/01/2024,Eurozone Unemployment Rate For December Unchanged At 6.4%,
02/01/2024,Eurozone Consumer Price Index (MoM) Preliminary For January -0.4% Vs. 0.2% Prior,
02/01/2024,Eurozone Core Consumer Price Index (YoY) Preliminary For January 3.3% Vs. 3.2% Est.; 3.4% Prior,
02/01/2024,Eurozone Consumer Price Index (YoY) Preliminary For January 2.8% Vs. 2.7% Est.; 2.9% Prior,
02/01/2024,Economist David Rosenberg Says Recession Hiding In UPS Earnings: 'Tough To Buy Into That Q4 Government-Massaged GDP Data',"Government data underlines the resilience of the U.S. economy, although other indicators of growth have flagged concerns."
02/01/2024,"Sanofi Expects 2024 Business EPS To Remain Roughly Stable; Applying Average January 2024 Exchange Rates, The Currency Is Estimated Between -3.5% To -4.5%",
02/01/2024,Cathie Wood Ark Invest's 'Big Ideas 2024' Report Eyes April Halving: 'Cutting Bitcoin's Inflation Rate In Half',"Cathie Wood-led Ark Invest in its latest report titled “Big Ideas 2024” said within the US banking sector early in 2023, Bitcoin (CRYPTO: BTC) has proven itself more than just a digital asset, it has become a bastion of stability. "
01/31/2024,"Fed Keeps Interest Rates Unchanged, Drops References To Future Hikes, Dampens Hopes For Near-Term Cuts (UPDATED)","Editor’s note: This story has been updated with more details. 



The Federal Reserve maintained interest rates between 5.25% and 5.5% Wednesday during its first meeting of 2024, aligning with market predictions."
01/31/2024,Germany Consumer Price Index (YoY) Preliminary For January 2.9% Vs. 3.0% Est.; 3.7% Prior,
01/31/2024,Germany Consumer Price Index (MoM) Preliminary For January 0.2% Vs. 0.2% Est.; 0.1% Prior,
01/31/2024,Germany Unemployment Rate For January 5.8% Vs. 5.9% Est.; 5.9% Prior,
01/31/2024,France Consumer Price Index (MoM) Preliminary For January -0.2% Vs. 0.0% Est.; 0.1% Prior,
01/31/2024,Germany Retail Sales (MoM) For December -1.6% Vs. 0.7% Est.; -0.8% (Revised) Prior,
01/31/2024,"Reported Earlier, Australia Trimmed Mean Consumer Price Index (QoQ) For Q4 0.8% Vs. 0.9% Est.; 1.2% Prior",
01/31/2024,"Reported Earlier, Australia Consumer Price Index (QoQ) For Q4 0.6% Vs. 0.8% Est.; 1.2% Prior",
01/31/2024,"Reported Earlier, Australia Consumer Price Index (YoY) For Q4 4.1% Vs. 4.3% Est.; 5.4% Prior",
01/31/2024,"Reported Earlier, Japan Industrial Production (MoM) Preliminary For December 1.8% Vs. 2.4% Est.; -0.9% Prior",
01/30/2024,"AI Growth, Lower Interest Rates Foil Recession Threats In 2024, Says IMF",Fears of a severe economic downturn are fading as economic growth continues to outpace expectations. The U.S. economy is likely to grow by 2.1% in 2024 says International Monetary Fund.
01/30/2024,Eurozone Gross Domestic Product (QoQ) Preliminary For Q4 0.0% Vs. -0.1% Est.; -0.1% Prior,
01/30/2024,Eurozone Gross Domestic Product (YoY) Preliminary For Q4 0.1% Vs. 0.0% Est.; 0.0% Prior,
01/30/2024,Germany Gross Domestic Product (QoQ) Preliminary For Q4 -0.3% Vs. -0.3% Est.; -0.1% Prior,
01/30/2024,Germany Gross Domestic Product (YoY) Preliminary For Q4 -0.2% Vs. -0.2% Est.; -0.4% Prior,
01/30/2024,France Gross Domestic Product (YoY) Preliminary For Q4 0.7% Vs. 0.6% Prior,
01/30/2024,France Gross Domestic Product (QoQ) Preliminary For Q4 0.0% Vs. 0.0% Est.; -0.1% Prior,
01/30/2024,"Reported Earlier, Australia Retail Sales (MoM) Preliminary For December -2.7% Vs. -1.0% Est.; 1.6% (Revised) Prior",
01/26/2024,4Q '23 GDP Is Excellent – Sort Of… Analysis Of Yesterday's GDP Report By Deep Knowledge Investing,"The first estimate of 4Q GDP came out this morning. Growth of 3.3% was well above expectations of 2%. As usual, we’ll go through a couple of adjustments. DKI adjusts for change in private inventories because it reflects inventory stocking or de-stocking as opposed to actual economic activity. 4Q inventory additions were only .07% which is negligible."
01/26/2024,Investor Sentiment Increases Further Following GDP Report; S&P 500 Gains For Sixth Day,"The CNN Money Fear and Greed index showed further increase in overall market sentiment, while the index remained in the &#34;Extreme Greed&#34; zone on Thursday.

U.S. stocks closed higher on Thursday, with the S&amp;P 500 recording gains for the sixth consecutive day and notching another all-time closing record."
01/26/2024,"Reported Earlier, Japan Tokyo Core Consumer Price Index (YoY) For January 1.6% Vs. 1.9% Est.; 2.1% Prior",
01/25/2024,"Bitcoin Falls Following GDP, Jobless Claims Data; SATS, Blur Among Top Losers","Bitcoin (CRYPTO: BTC) moved lower, but the cryptocurrency prices remained above the key $40,000 level on Thursday.

Ethereum (CRYPTO: ETH) also recorded losses, but traded above the key $2,200 mark this morning."
01/25/2024,Dow Surges Over 100 Points; US GDP Growth Tops Estimates,"U.S. stocks traded higher this morning, with the Dow Jones index gaining over 100 points on Thursday.

Following the market opening Thursday, the Dow traded up 0.33% to 37,932.33 while the NASDAQ rose 0.37% to 15,538.69. The S&amp;P 500 also rose, gaining, 0.40% to 4,887.88."
01/25/2024,USA GDP (QoQ) For Q4 3.3% Vs 2.0% Est. 4.9% Prior,
01/25/2024,"Nasdaq, S&P 500 Futures Unfazed By Tesla Disappointment As Focus Shifts To Q4 GDP, Earnings: Analyst Sees Hope In This Bullish Indicator","Economists, on average, expect annualized quarter-over-quarter growth of 2%, slower than the third quarter&#39;s 4.9% growth."
01/25/2024,"CPI Card Group Announced The Appointment Of John Lowe As Its New President And Chief Executive Officer, Succeeding Scott Scheirman, Who Had Previously Announced His Intention To Retire In Early 2024",
01/23/2024,Ark's Cathie Wood Says Interest Rates In U.S. Are Going To Fall Sooner And Faster Than Most Expect,
01/23/2024,"'Data As The New Oil':  Semiconductors 'Catching Up' With GDP In 2024, Says Analyst","The 2024 outlook for semiconductors and equipment industry shows a dip in revenues, but a strong recovery is expected."
01/23/2024,Bank of Japan Core Consumer Price Index (YoY) 2.6% Vs. 2.8% Est.; 2.7% Prior,
01/23/2024,"Trump's 10% Tariff Plan Could 'Shake Up Every Asset Class,' Top Economist Warns: 'Structurally Breaking The Global System By Hook Or By Crook'","The American Action Forum (AAF) predicts that the policy could lead to a 0.31% ($62 billion) decrease in U.S. GDP, negatively impacting consumers and U.S. welfare by $123.3 billion."
01/19/2024,"Fed's Goolsbee Expects Interest Rates To Fall With Inflation, Says 'Golden Path' Is Possible",Goolsbee says &#34;inflation has come down a lot.&#34; He emphasized his dovish stance when addressing the issue of real policy restrictiveness.
01/19/2024,Germany Producer Price Index (MoM) For December -1.2% Vs. -0.5% Est.; -0.5% Prior,
01/19/2024,U.K. Retail Sales (YoY) For December -3.2% Vs. -0.6% Est.; 1.4% (Revised) Prior,
01/19/2024,U.K. Retail Sales (MoM) For December -2.4% Vs. 1.1% Est.; 0.2% (Revised) Prior,
01/19/2024,U.K. Core Retail Sales (MoM) For December -2.1% Vs. 1.3% Est.; 0.5% (Revised) Prior,
01/19/2024,U.K. Core Retail Sales (YoY) For December -3.3% Vs. -0.6% Est.; 1.5% (Revised) Prior,
01/19/2024,"Reported Earlier, Japan National Core Consumer Price Index (YoY) For December 2.3% Vs. 2.3% Est.; 2.5% Prior",
01/18/2024,"EXCLUSIVE: Investing Ideas For A Tumultuous Market Focused On Interest Rates, Inflation","Charles Lieberman, of Advisors Capital Management, discusses economic challenges like high rates and inflation. Bonds provide stability in uncertain times."
01/18/2024,USA Housing Starts For December 1.460M Vs 1.426M Est.; 1.525M Prior,
01/18/2024,"Reported Earlier, Japan Industrial Production (MoM) For November -0.9% Vs. -0.9% Est.; 1.3% Prior",
01/18/2024,"Reported Earlier, Australia Unemployment Rate For December Unchanged At 3.9% Vs. 3.9% Est.",
01/17/2024,Why Li Auto Stock Is Moving,Li Auto shares are trading lower by 3.7% going into the close of Wednesday&#39;s session. Shares of US-listed Chinese stocks are trading lower after China missed GDP and retail sales estimates.
01/17/2024,Why NetEase (NTES) Shares Are Falling,NetEase shares are trading lower by 1.6% Wednesday afternoon. U.S.-listed Chinese stocks are trading lower after China missed GDP and retail sales estimates.
01/17/2024,Why XPeng Shares Are Moving,XPeng shares are trading lower by 3% to $10.29 during Wednesday&#39;s session. Shares of US-listed Chinese stocks are trading lower after China missed GDP and retail sales estimates.
01/17/2024,Nasdaq Down Over 200 Points; US Retail Sales Increase 0.6% In December,"U.S. stocks traded lower this morning, with the Nasdaq Composite falling more than 200 points on Wednesday.

Following the market opening, the Dow traded down 0.26% to 37,264.12 while the NASDAQ fell 1.54% to 14,714.00. The S&amp;P 500 also fell, dropping, 0.81% to 4,727.51."
01/17/2024,Core Retail Sales (MoM) (Dec) +0.4% vs +0.2% Est.,
01/17/2024,USA Retail Sales (MoM) For December 0.6% Vs 0.4% Est.; 0.3% Prior,
01/17/2024,"US Stocks Set To Open In Red On Rate Worries Ahead Of Fed Speeches, Data: Analyst Pins Q4 Earnings Hopes On 'Magnificent 7' And Margins","Global cues may also weigh in, as Asian stocks saw a decline in response to fourth-quarter China GDP data."
01/17/2024,Eurozone Consumer Price Index (YoY) For December 2.9% Vs. 2.9% Est.; 2.4% Prior,
01/17/2024,Eurozone Consumer Price Index (MoM) For December 0.2% Vs. 0.2% Est.; -0.6% Prior,
01/17/2024,Eurozone Core Consumer Price Index (YoY) For December 3.4% Vs. 3.4% Est.; 3.6% Prior,
01/17/2024,U.K. Producer Price Index Input (MoM) For December -1.2% Vs. -0.7% Est.; -0.4% (Revised) Prior,
01/17/2024,U.K. Consumer Price Index (YoY) For December 4.0% Vs. 3.8% Est.; 3.9% Prior,
01/17/2024,U.K. Consumer Price Index (MoM) For December 0.4% Vs. 0.2% Est.; -0.2% Prior,
01/17/2024,"Reported Earlier, Chinese Unemployment Rate 5.1% Vs. 5.0% Est.; 5.0% Prior",
01/17/2024,"Reported Earlier, China Industrial Production Year To Date (YoY) For December 4.6% Vs. 4.3% Prior",
01/17/2024,"Reported Earlier, China Industrial Production (YoY) For December 6.8% Vs. 6.6% Est.; 6.6% Prior",
01/17/2024,"Reported Earlier, China Gross Domestic Product Year To Date (YoY) For Q4 5.2% Vs. 5.2% Prior",
01/17/2024,"Reported Earlier, China Gross Domestic Product (YoY) For Q4 5.2% Vs. 5.3% Est.; 4.9% Prior",
01/17/2024,"Reported Earlier, China Gross Domestic Product (QoQ) For Q4 1.0% Vs. 1.0% Est.; 1.5% (Revised) Prior",
01/16/2024,"Fed's Waller Says Approximate Endpoint For Reserves Is Likely Around 10%-11% Of GDP; ""No Reason"" For On RRP To Have Anything In It; Expect Will Think About Slowing The Pace Of Tapering Balance Sheet Sometime This Year",
01/16/2024,"Fed's Waller Says Slowdown In Consumer Spending Appears Tentative, Will Find Out More From Wednesday's Retail Sales Data; Ongoing Moderation In Labor Market Supports Progress Toward 2% Inflation; December Jobs Report 'Largely Noise'",
01/16/2024,Germany Consumer Price Index (MoM) For December 0.1% Vs. 0.1% Est.; -0.4% Prior,
01/16/2024,Germany Consumer Price Index (YoY) For December 3.7% Vs. 3.7% Est.; 3.2% Prior,
01/16/2024,U.K. Unemployment Rate For November 4.2% Vs. 4.3% Est.; 4.2% Prior,
01/12/2024,"Fed's Goolsbee Says PPI Data Is The Most Noisy, And Least Predictive; Don't Take Too Much Heart From It; The Fed Targets Pce, Which Continues To Show Good Progress On Getting Inflation Down; A Substantial Drop In Inflation Is The Trend",
01/12/2024,Bank of America CFO Says Well Positioned Against Proposed Rules To Boost Capital; On A Weighted Basis We Have Reserved For An Unemployment Rate Of Nearly 5% By The End Of 2024; Saw Lower Marks On Leveraged Loan Positions Year-On-Year,
01/12/2024,US Stocks Higher; Producer Prices Fall In December,"U.S. stocks traded higher this morning, following the release of PPI data on Friday.

Following the market opening Friday, the Dow traded up 0.08% to 37,739.53 while the NASDAQ rose 0.49% to 15,042.81. The S&amp;P 500 also rose, gaining, 0.40% to 4,799.13."
01/12/2024,"Bitcoin Falls Following PPI Data; Bonk, Frax Share Among Top Losers","Bitcoin (CRYPTO: BTC) moved lower, with the cryptocurrency prices trading below the key $46,000 level on Friday.

Ethereum (CRYPTO: ETH), however, moved higher, trading above the key $2,600 mark this morning."
01/12/2024,"Wells Fargo's 2023 Profit Rises 9% Buoyed By Higher Interest Rates, But Warns Lower Net Interest Income For 2024","Wells Fargo&#39;s Q4 2023 highlights: $3.45B net income (up 9% YY), $0.86 EPS, beating consensus, and $20.48B revenue EO outlook on credit and economic factors"
01/12/2024,"Producer Price Index Slows More Than Expected To 1% In December, Signals Softening Price Pressures","US producer prices softened in Dec. PPI rose 1% YoY, missing expectations. Stocks fell, yields dropped, oil prices rose due to rising tensions in Red Sea."
01/12/2024,"Reported Earlier, India Consumer Price Index (YoY) For December 5.69% Vs. 5.87% Est.; 5.55% Prior",
01/12/2024,USA PPI (YoY) For December 1.0% Vs 1.3% Est.; 0.8% Prior,
01/12/2024,PPI (MoM) (Dec) -0.1% vs +0.1% Est.,
01/12/2024,"Core PPI MoM For Dec. 0.0% Vs 0.2% Expected, 0.0% Prior",
01/12/2024,"Fed Has 'Already Lost' Inflation War, Says Gold Bull Peter Schiff After 'Hotter-Than-Expected' December CPI Data: Are Rate Hikes Coming?","The annual CPI and core CPI inflation came in at 3.4% and 3.9%, respectively, compared to the 3.2% and 3.8% expected by economists."
01/12/2024,France Consumer Price Index (MoM) For December 0.1% Vs. 0.1% Est.; -0.2% Prior,
01/12/2024,U.K. Monthly Gross Domestic Product 3M/3M Change For November -0.2% Vs. -0.1% Est.; 0.0% Prior,
01/12/2024,U.K. Industrial Production (MoM) For November 0.3% Vs. 0.3% Est.; -1.3% (Revised) Prior,
01/12/2024,U.K. Gross Domestic Product (MoM) For November 0.3% Vs. 0.2% Est.; -0.3% Prior,
01/12/2024,"Reported Earlier, China Producer Price Index (YoY) For December -2.7% Vs. -2.6% Est.; -3.0% Prior",
01/12/2024,"Reported Earlier, China Consumer Price Index (YoY) For December -0.3% Vs. -0.4% Est.; -0.5% Prior",
01/12/2024,"Reported Earlier, China Consumer Price Index (MoM) For December 0.1% Vs. 0.2% Est.; -0.5% Prior",
01/11/2024,"EXCLUSIVE: CPI Increase 'Just A Hiccup,' Says Former CME Economist: 'Inflation Is Well Under Control' (CORRECTED)",CPI is below 2% if the owner equivalent rent metric is taken out of the data.
01/11/2024,Fed's Goolsbee Says Inflation Will Be The Primary Determinant Of When And How Much Interest Rates Should Be Cut; Doesn't Want To Commit On Policy Decisions When Fed Still Has Weeks And Months Of Data To Come,
01/11/2024,Fed's Goolsbee Says Housing Inflation Was A Little Less Favorable; Persistently High Shelter Inflation In CPI May Have Less Implication For Fed's Personal Consumption Expenditures Inflation Target,
01/11/2024,Fed's Goolsbee Says 2023 Was A 'Hall-Of-Fame' Year For Inflation Reduction; Overall CPI Inflation In December Was Pretty Close To What Was Expected; Dec. Services Inflation Was A Little More Favorable Than Expected,
01/11/2024,Richmond Fed's Barkin  Said Today's CPI Was About As Expected Still Seeing Moderation In Overall Level Of Inflation But Still A Disconnect With Services And Shelter; Barkin Said Would Have More Confidence If Improvement In Inflation Was Broader,
01/11/2024,December CPI Is 3.4%,Overview:
01/11/2024,US Stocks Higher; Inflation Rate Increases To 3.4% In December,"U.S. stocks traded higher this morning, with the Nasdaq Composite gaining over 50 points on Thursday.

Following the market opening Thursday, the Dow traded up 0.07% to 37,723.53 while the NASDAQ rose 0.46% to 15,039.09. The S&amp;P 500 also rose, gaining, 0.21% to 4,793.32."
01/11/2024,Core CPI (YoY) (Dec) +3.9% vs +3.8% Est.,
01/11/2024,USA CPI (MoM) For December 0.3% Vs 0.2% Est.; 0.1% Prior,
01/11/2024,USA CPI (YoY) For December 3.4% Vs 3.2% Est.; 3.1% Prior,
01/11/2024,Core CPI (MoM) (Dec) +0.3% vs +0.3% Est.,
01/11/2024,"Study Forecasts Staggering $1 Trillion Boost To US Economy With Generative AI, But Warns Of Job Disruptions","The study, which analyzed 18,000 tasks that power the U.S. economy, projects an increase in U.S. productivity ranging from 1.7% to 3.5%. This could add between $477 billion and $1 trillion annually to the U.S. GDP over the next decade."
01/10/2024,"Fed's Williams Says Rate Cut Prospects Tied To How Economy Performs; Speed Of Rate Cuts Depends On Economy; As Inflation Comes Down, So Will Interest Rates; Fed Rate Cut Outlook Makes Sense, Timing Depends On Economy",
01/10/2024,"Fed's Williams Says Rate Decisions Will Be Driven By Totality Of Data; Risks To Economy Are Two Sided; In 2024 Sees GDP At Around 1.25%, Unemployment At 4%; Sees Inflation Ebbing To 2.25% In 2024, 2% In 2025; Things Are Looking Very Good On Jobs Front",
01/10/2024,December Inflation Preview: What Will It Take To Trigger A Fed Rate Cut In Q1 2024?,"December&#39;s inflation report is crucial for Fed&#39;s decisions, economists predict 3.2% increase in CPI, with potential for rate cut in March. Market and Fed will closely monitor inflation for future decisions."
01/09/2024,Eurozone Unemployment Rate For November 6.4% Vs. 6.5% Est.; 6.5% Prior,
01/09/2024,Germany Industrial Production (MoM) For November -0.7% Vs. 0.2% Est.; -0.4% Prior,
01/09/2024,"Reported Earlier, Australia Retail Sales (MoM) Preliminary For December 2.0% Vs. 1.2% Est.; -0.4% (Revised) Prior",
01/09/2024,"Reported Earlier, U.K. BRC Retail Sales Monitor (YoY) For December 1.9% Vs. 2.3% Est.; 2.6% Prior",
01/09/2024,"Reported Earlier, Japan Tokyo Core Consumer Price Index (YoY) For November 2.1% Vs. 2.1% Est.; 2.3% Prior",
01/08/2024,"Crypto Market Cap Vaults To $1.69 Trillion, Topping Australia, Spain's GDP As Bitcoin ETF Mania Spreads","The total cryptocurrency market capitalization rose to $1.69 trillion on Monday, reaching the highest valuation since May 2022."
01/05/2024,U6 Unemployment Rate (Dec) 7.1% Vs 7.0% Prior,
01/05/2024,USA Unemployment Rate For December 3.7% Vs 3.8% Est.; 3.7% Prior,
01/05/2024,Germany Retail Sales (MoM) For December -2.5% Vs. -0.1% Est.; 1.1% Prior,
01/04/2024,Interest Rates Unlikely To Fall Soon: Bond Guru Projects 10-Year Yields Spiking To 5.5% In 2024,Jim Bianco projects 10-year Treasury yield to reach 5.5% in 2024 due to a hawkish Fed approach and resilient economy.
01/04/2024,ConAgra Brands Says We Expect Net Inflation To Moderate Through The Remainder Of The Fiscal Year Resulting In An Inflation Rate Of Approximately 3% For Fiscal 2024,
01/04/2024,Walgreens Executive Said We Expect The Pullback In Consumer Spending And Shifting Behaviors Will Continue To Impact Our Retail Sales In The U. S. In The Short Term -Conf Call,
01/04/2024,Germany Consumer Price Index (MoM) Preliminary For December 0.1% Vs. 0.1% Est.; -0.4% Prior,
01/04/2024,Germany Consumer Price Index (YoY) Preliminary For December 3.7% Vs. 3.7% Est.; 3.2% Prior,
01/04/2024,France Consumer Price Index (MoM) Preliminary For December 0.1% Vs. 0.2% Est.; -0.2% Prior,
01/03/2024,"Fed Minutes Suggest Interest Rates Are At Cycle's Peak, But Put Imminent Cuts In Doubt","The Federal Reserve&#39;s latest minutes from the December meeting showed policymakers acknowledging interest rates at or near the peak, signaling a shift in monetary policy."
01/03/2024,Redbook U.S. Retail Sales +5.6% Week End Dec 30 Vs Year Ago; U.S. Retail Sales First 5 Weeks Dec +3.9% Vs Dec Year Ago,
01/03/2024,"Fed's Barkin Says Risks To Soft Landing Include Delayed Impact Of High Interest Rates On Credit, Outside Shocks, Services Inflation Getting Stuck At A High Level, Strong Demand",
01/03/2024,Germany Unemployment Rate For December Unchanged At 5.9% Vs. 5.9% Est.,
01/02/2024,Atlanta Fed GDPNow For Q4 2.0% Vs 2.3% Est.; 2.3% Prior,